"borrow_id","book_id","member_id","worker_id","reserve_date","due_date"
"1","340","3","1","2018-01-01 12:00:30","2018-01-31 12:00:30"
"2","487","94","1","2018-01-02 14:41:03","2018-02-01 14:41:03"
"3","494","190","1","2018-01-03 15:32:57","2018-02-02 15:32:57"
"4","487","147","1","2018-01-04 05:14:42","2018-02-03 05:14:42"
"5","270","38","2","2018-01-07 02:00:26","2018-02-06 02:00:26"
"6","385","166","2","2018-01-07 06:17:20","2018-02-06 06:17:20"
"7","321","109","2","2018-01-07 10:17:25","2018-02-06 10:17:25"
"8","442","103","2","2018-01-07 12:19:42","2018-02-06 12:19:42"
"9","489","37","2","2018-01-08 08:07:33","2018-02-07 08:07:33"
"10","380","22","2","2018-01-08 10:35:47","2018-02-07 10:35:47"
"11","400","152","1","2018-01-12 10:36:19","2018-02-11 10:36:19"
"12","61","37","2","2018-01-12 16:18:44","2018-02-11 16:18:44"
"13","67","68","3","2018-01-14 07:02:33","2018-02-13 07:02:33"
"14","216","102","1","2018-01-14 19:23:51","2018-02-13 19:23:51"
"15","361","97","2","2018-01-15 19:43:18","2018-02-14 19:43:18"
"16","359","158","3","2018-01-20 05:23:55","2018-02-19 05:23:55"
"17","156","108","1","2018-01-20 10:38:28","2018-02-19 10:38:28"
"18","173","117","2","2018-01-20 13:55:08","2018-02-19 13:55:08"
"19","32","122","3","2018-01-26 16:27:50","2018-02-25 16:27:50"
"20","39","65","1","2018-01-29 01:35:54","2018-02-28 01:35:54"
"21","293","5","2","2018-01-30 15:31:36","2018-03-01 15:31:36"
"22","333","105","3","2018-01-31 13:38:13","2018-03-02 13:38:13"
"23","112","159","1","2018-02-03 12:40:14","2018-03-05 12:40:14"
"24","24","105","2","2018-02-05 20:48:24","2018-03-07 20:48:24"
"25","177","87","3","2018-02-06 19:07:33","2018-03-08 19:07:33"
"26","66","77","1","2018-02-07 08:26:48","2018-03-09 08:26:48"
"27","126","73","2","2018-02-08 22:38:44","2018-03-10 22:38:44"
"28","458","77","3","2018-02-10 03:51:31","2018-03-12 03:51:31"
"29","302","116","1","2018-02-11 00:28:28","2018-03-13 00:28:28"
"30","25","108","2","2018-02-11 04:00:16","2018-03-13 04:00:16"
"31","183","47","3","2018-02-14 14:47:50","2018-03-16 14:47:50"
"32","41","152","4","2018-02-15 02:22:34","2018-03-17 02:22:34"
"33","42","32","1","2018-02-15 21:01:21","2018-03-17 21:01:21"
"34","133","184","2","2018-02-16 08:16:03","2018-03-18 08:16:03"
"35","130","134","3","2018-02-16 23:29:32","2018-03-18 23:29:32"
"36","347","18","4","2018-02-19 20:35:51","2018-03-21 20:35:51"
"37","303","69","1","2018-02-21 00:31:08","2018-03-23 00:31:08"
"38","376","129","2","2018-02-27 00:48:37","2018-03-29 00:48:37"
"39","240","145","3","2018-02-27 04:01:08","2018-03-29 04:01:08"
"40","204","63","4","2018-02-28 21:50:41","2018-03-30 21:50:41"
"41","168","96","1","2018-03-01 12:08:09","2018-03-31 12:08:09"
"42","488","100","2","2018-03-03 18:22:26","2018-04-02 18:22:26"
"43","190","8","3","2018-03-05 18:58:18","2018-04-04 18:58:18"
"44","245","69","4","2018-03-06 22:52:49","2018-04-05 22:52:49"
"45","311","195","1","2018-03-07 19:27:32","2018-04-06 19:27:32"
"46","478","82","5","2018-03-08 12:08:44","2018-04-07 12:08:44"
"47","143","197","1","2018-03-09 00:29:22","2018-04-08 00:29:22"
"48","195","171","2","2018-03-11 16:22:45","2018-04-10 16:22:45"
"49","400","33","3","2018-03-14 22:15:40","2018-04-13 22:15:40"
"50","228","52","4","2018-03-16 08:09:02","2018-04-15 08:09:02"
"51","99","120","5","2018-03-19 07:03:17","2018-04-18 07:03:17"
"52","242","32","1","2018-03-20 01:55:45","2018-04-19 01:55:45"
"53","288","25","2","2018-03-20 14:02:56","2018-04-19 14:02:56"
"54","327","179","3","2018-03-22 03:36:10","2018-04-21 03:36:10"
"55","350","113","4","2018-03-27 14:51:59","2018-04-26 14:51:59"
"56","75","159","5","2018-03-27 17:58:59","2018-04-26 17:58:59"
"57","101","2","6","2018-03-28 02:11:42","2018-04-27 02:11:42"
"58","444","165","1","2018-03-29 00:34:38","2018-04-28 00:34:38"
"59","362","119","2","2018-03-29 10:34:32","2018-04-28 10:34:32"
"60","266","106","3","2018-03-31 10:27:21","2018-04-30 10:27:21"
"61","406","22","4","2018-03-31 17:22:25","2018-04-30 17:22:25"
"62","84","40","5","2018-04-01 09:09:28","2018-05-01 09:09:28"
"63","433","105","6","2018-04-02 01:05:17","2018-05-02 01:05:17"
"64","463","138","1","2018-04-02 05:44:20","2018-05-02 05:44:20"
"65","23","65","2","2018-04-07 22:11:13","2018-05-07 22:11:13"
"66","304","196","3","2018-04-09 00:10:37","2018-05-09 00:10:37"
"67","63","176","4","2018-04-11 15:09:09","2018-05-11 15:09:09"
"68","408","128","5","2018-04-13 07:16:18","2018-05-13 07:16:18"
"69","80","184","6","2018-04-14 22:56:16","2018-05-14 22:56:16"
"70","130","173","7","2018-04-16 08:38:18","2018-05-16 08:38:18"
"71","237","160","1","2018-04-16 18:08:59","2018-05-16 18:08:59"
"72","299","17","2","2018-04-16 19:27:55","2018-05-16 19:27:55"
"73","390","37","3","2018-04-17 03:44:37","2018-05-17 03:44:37"
"74","180","114","4","2018-04-18 06:43:45","2018-05-18 06:43:45"
"75","140","146","5","2018-04-18 18:03:54","2018-05-18 18:03:54"
"76","120","91","6","2018-04-19 05:10:43","2018-05-19 05:10:43"
"77","284","80","7","2018-04-21 19:24:15","2018-05-21 19:24:15"
"78","246","160","1","2018-04-23 20:09:26","2018-05-23 20:09:26"
"79","489","91","2","2018-04-24 17:24:27","2018-05-24 17:24:27"
"80","177","130","3","2018-04-29 19:16:15","2018-05-29 19:16:15"
"81","98","149","4","2018-04-29 20:34:11","2018-05-29 20:34:11"
"82","84","78","5","2018-05-01 20:22:17","2018-05-31 20:22:17"
"83","73","168","6","2018-05-03 20:47:53","2018-06-02 20:47:53"
"84","187","120","7","2018-05-05 20:48:02","2018-06-04 20:48:02"
"85","24","23","1","2018-05-06 00:10:19","2018-06-05 00:10:19"
"86","287","121","2","2018-05-07 14:33:19","2018-06-06 14:33:19"
"87","210","109","3","2018-05-10 04:30:50","2018-06-09 04:30:50"
"88","174","135","4","2018-05-10 20:06:26","2018-06-09 20:06:26"
"89","374","3","5","2018-05-15 09:48:37","2018-06-14 09:48:37"
"90","30","172","6","2018-05-22 14:22:22","2018-06-21 14:22:22"
"91","224","43","7","2018-05-26 09:31:00","2018-06-25 09:31:00"
"92","308","99","1","2018-05-26 10:54:30","2018-06-25 10:54:30"
"93","449","53","2","2018-05-28 12:01:29","2018-06-27 12:01:29"
"94","35","85","3","2018-05-28 21:20:14","2018-06-27 21:20:14"
"95","285","110","4","2018-06-05 04:28:25","2018-07-05 04:28:25"
"96","272","47","1","2018-06-07 11:52:17","2018-07-07 11:52:17"
"97","465","85","2","2018-06-09 01:29:46","2018-07-09 01:29:46"
"98","353","184","3","2018-06-11 00:02:13","2018-07-11 00:02:13"
"99","298","22","4","2018-06-11 00:33:00","2018-07-11 00:33:00"
"100","140","73","5","2018-06-11 16:21:16","2018-07-11 16:21:16"
"101","341","6","6","2018-06-12 02:02:04","2018-07-12 02:02:04"
"102","471","124","7","2018-06-12 14:14:16","2018-07-12 14:14:16"
"103","498","64","5","2018-06-13 04:59:04","2018-07-13 04:59:04"
"104","253","52","6","2018-06-13 23:13:36","2018-07-13 23:13:36"
"105","2","108","7","2018-06-14 10:17:51","2018-07-14 10:17:51"
"106","68","58","1","2018-06-26 04:20:06","2018-07-26 04:20:06"
"107","375","96","2","2018-06-27 11:53:58","2018-07-27 11:53:58"
"108","403","151","3","2018-06-30 09:28:05","2018-07-30 09:28:05"
"109","108","137","1","2018-07-01 01:23:12","2018-07-31 01:23:12"
"110","183","136","2","2018-07-03 01:06:56","2018-08-02 01:06:56"
"111","56","114","3","2018-07-07 06:00:24","2018-08-06 06:00:24"
"112","196","108","4","2018-07-07 09:41:27","2018-08-06 09:41:27"
"113","357","152","5","2018-07-10 10:21:32","2018-08-09 10:21:32"
"114","58","46","6","2018-07-15 11:42:46","2018-08-14 11:42:46"
"115","489","45","7","2018-07-16 09:47:25","2018-08-15 09:47:25"
"116","329","66","4","2018-07-19 16:42:40","2018-08-18 16:42:40"
"117","268","182","5","2018-07-20 23:51:38","2018-08-19 23:51:38"
"118","186","15","6","2018-07-22 04:55:59","2018-08-21 04:55:59"
"119","305","72","7","2018-07-27 19:07:18","2018-08-26 19:07:18"
"120","60","28","1","2018-07-29 23:41:57","2018-08-28 23:41:57"
"121","376","52","2","2018-07-31 20:50:39","2018-08-30 20:50:39"
"122","292","117","3","2018-08-03 07:44:07","2018-09-02 07:44:07"
"123","217","60","4","2018-08-04 17:02:22","2018-09-03 17:02:22"
"124","475","77","1","2018-08-05 15:53:06","2018-09-04 15:53:06"
"125","112","165","2","2018-08-06 17:13:10","2018-09-05 17:13:10"
"126","20","77","3","2018-08-07 08:29:37","2018-09-06 08:29:37"
"127","216","114","4","2018-08-07 16:19:26","2018-09-06 16:19:26"
"128","207","97","5","2018-08-08 04:47:45","2018-09-07 04:47:45"
"129","466","6","1","2018-08-08 14:07:49","2018-09-07 14:07:49"
"130","489","43","2","2018-08-09 10:53:32","2018-09-08 10:53:32"
"131","127","70","3","2018-08-09 15:29:44","2018-09-08 15:29:44"
"132","74","183","4","2018-08-12 17:25:17","2018-09-11 17:25:17"
"133","319","71","5","2018-08-13 09:10:45","2018-09-12 09:10:45"
"134","446","68","6","2018-08-14 16:07:28","2018-09-13 16:07:28"
"135","320","179","7","2018-08-14 16:43:21","2018-09-13 16:43:21"
"136","472","92","6","2018-08-15 07:58:13","2018-09-14 07:58:13"
"137","131","27","1","2018-08-16 03:19:02","2018-09-15 03:19:02"
"138","465","93","2","2018-08-16 16:26:04","2018-09-15 16:26:04"
"139","4","11","3","2018-08-23 20:05:04","2018-09-22 20:05:04"
"140","210","19","4","2018-08-25 04:12:12","2018-09-24 04:12:12"
"141","137","11","1","2018-08-28 13:00:57","2018-09-27 13:00:57"
"142","78","147","2","2018-08-29 18:49:54","2018-09-28 18:49:54"
"143","331","7","3","2018-08-30 13:54:08","2018-09-29 13:54:08"
"144","190","23","4","2018-08-31 06:43:43","2018-09-30 06:43:43"
"145","107","146","1","2018-08-31 21:52:04","2018-09-30 21:52:04"
"146","346","17","2","2018-09-02 01:49:08","2018-10-02 01:49:08"
"147","462","25","3","2018-09-04 12:31:44","2018-10-04 12:31:44"
"148","495","17","4","2018-09-06 10:15:19","2018-10-06 10:15:19"
"149","394","142","5","2018-09-06 14:02:41","2018-10-06 14:02:41"
"150","269","137","6","2018-09-09 12:29:06","2018-10-09 12:29:06"
"151","279","167","7","2018-09-10 02:33:07","2018-10-10 02:33:07"
"152","213","163","2","2018-09-11 12:39:20","2018-10-11 12:39:20"
"153","157","118","3","2018-09-13 19:19:35","2018-10-13 19:19:35"
"154","428","11","4","2018-09-19 04:56:48","2018-10-19 04:56:48"
"155","282","141","5","2018-09-22 08:16:26","2018-10-22 08:16:26"
"156","447","200","6","2018-09-23 05:35:26","2018-10-23 05:35:26"
"157","426","147","7","2018-09-25 04:23:10","2018-10-25 04:23:10"
"158","204","132","1","2018-09-29 19:10:06","2018-10-29 19:10:06"
"159","416","104","2","2018-10-02 19:17:23","2018-11-01 19:17:23"
"160","227","53","3","2018-10-03 08:26:14","2018-11-02 08:26:14"
"161","339","30","4","2018-10-05 01:52:39","2018-11-04 01:52:39"
"162","393","21","1","2018-10-06 05:34:14","2018-11-05 05:34:14"
"163","232","57","2","2018-10-08 14:15:49","2018-11-07 14:15:49"
"164","309","65","3","2018-10-10 14:04:32","2018-11-09 14:04:32"
"165","139","65","4","2018-10-11 00:37:51","2018-11-10 00:37:51"
"166","311","103","5","2018-10-11 04:54:54","2018-11-10 04:54:54"
"167","390","72","1","2018-10-11 17:44:00","2018-11-10 17:44:00"
"168","247","64","2","2018-10-12 03:28:16","2018-11-11 03:28:16"
"169","153","17","3","2018-10-12 20:06:10","2018-11-11 20:06:10"
"170","257","62","4","2018-10-14 03:06:23","2018-11-13 03:06:23"
"171","336","61","5","2018-10-14 16:53:57","2018-11-13 16:53:57"
"172","279","133","6","2018-10-16 17:40:03","2018-11-15 17:40:03"
"173","7","94","7","2018-10-19 02:23:42","2018-11-18 02:23:42"
"174","434","131","4","2018-10-19 07:20:53","2018-11-18 07:20:53"
"175","76","22","5","2018-10-19 21:44:47","2018-11-18 21:44:47"
"176","214","172","6","2018-10-21 07:15:46","2018-11-20 07:15:46"
"177","162","95","7","2018-10-22 13:56:05","2018-11-21 13:56:05"
"178","106","20","1","2018-10-23 15:18:58","2018-11-22 15:18:58"
"179","350","124","2","2018-10-24 16:16:36","2018-11-23 16:16:36"
"180","467","72","3","2018-10-25 05:34:09","2018-11-24 05:34:09"
"181","394","137","4","2018-10-25 06:50:08","2018-11-24 06:50:08"
"182","319","157","5","2018-10-28 00:09:59","2018-11-27 00:09:59"
"183","338","137","1","2018-11-02 02:08:16","2018-12-02 02:08:16"
"184","497","5","2","2018-11-05 14:07:11","2018-12-05 14:07:11"
"185","47","77","3","2018-11-05 18:50:09","2018-12-05 18:50:09"
"186","348","140","1","2018-11-05 20:52:09","2018-12-05 20:52:09"
"187","288","6","2","2018-11-07 11:50:50","2018-12-07 11:50:50"
"188","489","145","3","2018-11-08 02:16:11","2018-12-08 02:16:11"
"189","358","41","4","2018-11-08 08:49:02","2018-12-08 08:49:02"
"190","6","98","5","2018-11-09 08:29:11","2018-12-09 08:29:11"
"191","364","43","6","2018-11-15 01:37:24","2018-12-15 01:37:24"
"192","287","46","7","2018-11-16 21:40:23","2018-12-16 21:40:23"
"193","42","119","6","2018-11-20 22:53:53","2018-12-20 22:53:53"
"194","388","94","7","2018-11-21 15:18:23","2018-12-21 15:18:23"
"195","403","27","1","2018-11-23 18:09:44","2018-12-23 18:09:44"
"196","14","70","2","2018-11-25 22:30:54","2018-12-25 22:30:54"
"197","110","133","3","2018-11-28 07:20:05","2018-12-28 07:20:05"
"198","492","28","4","2018-12-01 16:01:38","2018-12-31 16:01:38"
"199","462","27","1","2018-12-04 13:40:43","2019-01-03 13:40:43"
"200","338","172","2","2018-12-06 05:28:13","2019-01-05 05:28:13"
"201","190","177","3","2018-12-06 17:00:28","2019-01-05 17:00:28"
"202","5","161","4","2018-12-07 22:00:59","2019-01-06 22:00:59"
"203","22","131","5","2018-12-09 10:09:02","2019-01-08 10:09:02"
"204","500","31","6","2018-12-10 18:47:54","2019-01-09 18:47:54"
"205","207","8","7","2018-12-11 03:26:40","2019-01-10 03:26:40"
"206","176","56","1","2018-12-11 07:21:29","2019-01-10 07:21:29"
"207","351","108","2","2018-12-11 20:09:03","2019-01-10 20:09:03"
"208","441","12","3","2018-12-13 03:01:19","2019-01-12 03:01:19"
"209","166","37","4","2018-12-16 18:42:53","2019-01-15 18:42:53"
"210","301","184","1","2018-12-18 08:26:48","2019-01-17 08:26:48"
"211","315","95","2","2018-12-20 12:03:24","2019-01-19 12:03:24"
"212","80","103","3","2018-12-20 23:52:20","2019-01-19 23:52:20"
"213","302","34","4","2018-12-23 01:09:50","2019-01-22 01:09:50"
"214","355","125","5","2018-12-23 02:38:33","2019-01-22 02:38:33"
"215","4","150","6","2018-12-26 14:15:10","2019-01-25 14:15:10"
"216","169","67","7","2018-12-27 16:21:52","2019-01-26 16:21:52"
"217","279","80","5","2018-12-28 23:07:29","2019-01-27 23:07:29"
"218","405","19","4","2019-01-01 05:35:18","2019-01-31 05:35:18"
"219","234","51","1","2019-01-07 15:19:49","2019-02-06 15:19:49"
"220","376","177","2","2019-01-07 18:06:39","2019-02-06 18:06:39"
"221","456","118","3","2019-01-10 16:00:51","2019-02-09 16:00:51"
"222","71","182","4","2019-01-11 12:55:19","2019-02-10 12:55:19"
"223","291","20","5","2019-01-11 16:48:44","2019-02-10 16:48:44"
"224","119","4","6","2019-01-14 12:36:24","2019-02-13 12:36:24"
"225","271","36","7","2019-01-18 15:24:10","2019-02-17 15:24:10"
"226","276","81","1","2019-01-23 04:57:53","2019-02-22 04:57:53"
"227","330","40","2","2019-01-23 21:03:18","2019-02-22 21:03:18"
"228","92","163","3","2019-01-25 02:55:07","2019-02-24 02:55:07"
"229","410","92","4","2019-02-01 22:21:15","2019-03-03 22:21:15"
"230","244","31","5","2019-02-04 02:47:12","2019-03-06 02:47:12"
"231","310","70","6","2019-02-06 16:12:54","2019-03-08 16:12:54"
"232","247","123","7","2019-02-08 23:30:51","2019-03-10 23:30:51"
"233","469","163","8","2019-02-09 01:42:53","2019-03-11 01:42:53"
"234","124","191","8","2019-02-10 11:41:26","2019-03-12 11:41:26"
"235","42","196","8","2019-02-11 12:29:21","2019-03-13 12:29:21"
"236","225","96","1","2019-02-11 16:54:20","2019-03-13 16:54:20"
"237","464","97","2","2019-02-12 01:58:16","2019-03-14 01:58:16"
"238","254","72","3","2019-02-18 10:32:36","2019-03-20 10:32:36"
"239","425","9","4","2019-02-22 21:04:09","2019-03-24 21:04:09"
"240","38","160","5","2019-02-23 03:38:30","2019-03-25 03:38:30"
"241","397","173","6","2019-02-25 21:34:26","2019-03-27 21:34:26"
"242","69","75","7","2019-02-27 03:46:11","2019-03-29 03:46:11"
"243","164","174","8","2019-03-03 07:31:28","2019-04-02 07:31:28"
"244","448","187","9","2019-03-06 00:57:38","2019-04-05 00:57:38"
"245","365","40","10","2019-03-11 20:29:15","2019-04-10 20:29:15"
"246","67","108","1","2019-03-16 04:26:39","2019-04-15 04:26:39"
"247","213","138","2","2019-03-16 05:36:50","2019-04-15 05:36:50"
"248","395","84","3","2019-03-17 06:49:30","2019-04-16 06:49:30"
"249","352","37","4","2019-03-18 04:30:52","2019-04-17 04:30:52"
"250","493","37","5","2019-03-19 11:53:34","2019-04-18 11:53:34"
"251","116","159","6","2019-03-20 06:50:02","2019-04-19 06:50:02"
"252","167","16","7","2019-03-20 15:43:52","2019-04-19 15:43:52"
"253","445","54","8","2019-03-24 18:32:28","2019-04-23 18:32:28"
"254","57","105","9","2019-03-25 02:01:34","2019-04-24 02:01:34"
"255","431","128","10","2019-03-25 17:31:16","2019-04-24 17:31:16"
"256","299","135","1","2019-03-30 02:48:16","2019-04-29 02:48:16"
"257","443","143","2","2019-04-01 05:39:28","2019-05-01 05:39:28"
"258","61","80","3","2019-04-04 06:54:19","2019-05-04 06:54:19"
"259","51","176","4","2019-04-04 11:19:08","2019-05-04 11:19:08"
"260","41","95","5","2019-04-05 14:57:06","2019-05-05 14:57:06"
"261","27","144","6","2019-04-05 19:32:16","2019-05-05 19:32:16"
"262","310","156","7","2019-04-12 04:57:18","2019-05-12 04:57:18"
"263","404","75","8","2019-04-18 23:29:50","2019-05-18 23:29:50"
"264","318","77","9","2019-05-01 14:31:34","2019-05-31 14:31:34"
"265","338","50","10","2019-05-05 00:55:00","2019-06-04 00:55:00"
"266","383","64","11","2019-05-06 00:50:52","2019-06-05 00:50:52"
"267","440","94","12","2019-05-06 02:13:53","2019-06-05 02:13:53"
"268","483","197","1","2019-05-08 15:25:54","2019-06-07 15:25:54"
"269","80","174","9","2019-05-17 06:51:55","2019-06-16 06:51:55"
"270","480","183","10","2019-05-17 09:12:48","2019-06-16 09:12:48"
"271","388","139","11","2019-05-17 10:01:28","2019-06-16 10:01:28"
"272","177","47","12","2019-05-18 02:09:33","2019-06-17 02:09:33"
"273","243","136","13","2019-05-21 07:14:47","2019-06-20 07:14:47"
"274","189","119","14","2019-05-22 18:30:31","2019-06-21 18:30:31"
"275","16","59","8","2019-05-23 14:12:03","2019-06-22 14:12:03"
"276","79","42","9","2019-05-24 02:09:15","2019-06-23 02:09:15"
"277","301","140","10","2019-05-24 15:55:08","2019-06-23 15:55:08"
"278","231","9","11","2019-05-26 10:05:58","2019-06-25 10:05:58"
"279","436","89","12","2019-05-29 16:19:28","2019-06-28 16:19:28"
"280","279","169","13","2019-05-30 07:17:51","2019-06-29 07:17:51"
"281","176","31","14","2019-06-03 09:52:58","2019-07-03 09:52:58"
"282","387","194","9","2019-06-04 16:49:00","2019-07-04 16:49:00"
"283","415","129","9","2019-06-06 20:44:55","2019-07-06 20:44:55"
"284","384","126","10","2019-06-07 01:43:07","2019-07-07 01:43:07"
"285","390","47","11","2019-06-08 03:21:01","2019-07-08 03:21:01"
"286","408","82","12","2019-06-11 15:40:07","2019-07-11 15:40:07"
"287","234","181","13","2019-06-12 18:37:33","2019-07-12 18:37:33"
"288","335","133","14","2019-06-13 01:35:20","2019-07-13 01:35:20"
"289","267","186","15","2019-06-13 08:37:48","2019-07-13 08:37:48"
"290","38","45","16","2019-06-14 17:32:41","2019-07-14 17:32:41"
"291","93","142","10","2019-06-15 22:02:30","2019-07-15 22:02:30"
"292","437","67","11","2019-06-16 17:07:16","2019-07-16 17:07:16"
"293","173","59","12","2019-06-16 17:37:31","2019-07-16 17:37:31"
"294","492","6","13","2019-06-17 18:49:26","2019-07-17 18:49:26"
"295","83","155","14","2019-06-20 00:08:47","2019-07-20 00:08:47"
"296","111","62","15","2019-06-23 13:48:38","2019-07-23 13:48:38"
"297","150","187","16","2019-06-25 05:41:08","2019-07-25 05:41:08"
"298","325","130","10","2019-06-27 06:39:41","2019-07-27 06:39:41"
"299","123","38","11","2019-06-28 16:21:55","2019-07-28 16:21:55"
"300","103","40","12","2019-07-03 22:18:45","2019-08-02 22:18:45"
"301","369","21","13","2019-07-03 22:56:54","2019-08-02 22:56:54"
"302","486","15","14","2019-07-04 17:04:57","2019-08-03 17:04:57"
"303","364","149","15","2019-07-11 10:33:41","2019-08-10 10:33:41"
"304","93","177","16","2019-07-12 00:24:58","2019-08-11 00:24:58"
"305","3","159","10","2019-07-12 14:23:59","2019-08-11 14:23:59"
"306","57","19","11","2019-07-13 20:06:04","2019-08-12 20:06:04"
"307","314","94","12","2019-07-15 21:49:49","2019-08-14 21:49:49"
"308","425","11","13","2019-07-16 09:22:08","2019-08-15 09:22:08"
"309","378","149","14","2019-07-17 22:08:22","2019-08-16 22:08:22"
"310","327","20","15","2019-07-18 13:32:25","2019-08-17 13:32:25"
"311","61","172","16","2019-07-22 21:24:51","2019-08-21 21:24:51"
"312","202","36","17","2019-07-23 09:00:34","2019-08-22 09:00:34"
"313","377","150","18","2019-07-26 02:30:09","2019-08-25 02:30:09"
"314","189","181","17","2019-07-26 05:56:49","2019-08-25 05:56:49"
"315","265","178","14","2019-07-26 08:40:06","2019-08-25 08:40:06"
"316","313","48","15","2019-07-27 09:33:05","2019-08-26 09:33:05"
"317","215","65","16","2019-07-28 17:48:12","2019-08-27 17:48:12"
"318","478","25","17","2019-07-31 15:54:13","2019-08-30 15:54:13"
"319","355","166","18","2019-08-03 21:07:05","2019-09-02 21:07:05"
"320","145","78","17","2019-08-04 06:18:26","2019-09-03 06:18:26"
"321","392","92","14","2019-08-05 08:25:31","2019-09-04 08:25:31"
"322","470","141","15","2019-08-05 19:17:53","2019-09-04 19:17:53"
"323","394","81","16","2019-08-12 10:13:26","2019-09-11 10:13:26"
"324","210","140","17","2019-08-15 18:58:40","2019-09-14 18:58:40"
"325","499","196","18","2019-08-16 16:48:26","2019-09-15 16:48:26"
"326","39","190","17","2019-08-18 12:51:50","2019-09-17 12:51:50"
"327","369","34","19","2019-08-20 13:26:46","2019-09-19 13:26:46"
"328","76","76","19","2019-08-21 18:36:28","2019-09-20 18:36:28"
"329","162","42","17","2019-08-23 09:46:45","2019-09-22 09:46:45"
"330","145","32","18","2019-08-23 09:55:41","2019-09-22 09:55:41"
"331","314","43","17","2019-08-24 13:32:32","2019-09-23 13:32:32"
"332","423","76","19","2019-08-25 20:05:58","2019-09-24 20:05:58"
"333","127","26","19","2019-08-26 12:52:16","2019-09-25 12:52:16"
"334","281","2","17","2019-08-26 19:59:39","2019-09-25 19:59:39"
"335","473","143","14","2019-09-01 02:40:55","2019-10-01 02:40:55"
"336","182","78","15","2019-09-01 20:16:53","2019-10-01 20:16:53"
"337","179","195","16","2019-09-04 00:09:39","2019-10-04 00:09:39"
"338","292","99","20","2019-09-04 05:16:42","2019-10-04 05:16:42"
"339","277","124","15","2019-09-11 03:01:08","2019-10-11 03:01:08"
"340","318","44","16","2019-09-12 18:35:02","2019-10-12 18:35:02"
"341","283","94","20","2019-09-17 14:56:55","2019-10-17 14:56:55"
"342","261","186","17","2019-09-19 00:50:30","2019-10-19 00:50:30"
"343","296","150","18","2019-09-23 17:43:41","2019-10-23 17:43:41"
"344","398","63","17","2019-09-25 23:43:09","2019-10-25 23:43:09"
"345","197","34","19","2019-09-29 06:38:03","2019-10-29 06:38:03"
"346","281","171","21","2019-09-30 03:42:09","2019-10-30 03:42:09"
"347","146","74","22","2019-10-01 06:49:25","2019-10-31 06:49:25"
"348","143","60","23","2019-10-01 12:50:09","2019-10-31 12:50:09"
"349","362","153","21","2019-10-03 13:58:10","2019-11-02 13:58:10"
"350","202","39","22","2019-10-03 14:16:37","2019-11-02 14:16:37"
"351","272","78","23","2019-10-04 08:34:30","2019-11-03 08:34:30"
"352","489","17","21","2019-10-04 20:30:01","2019-11-03 20:30:01"
"353","278","93","22","2019-10-06 19:14:31","2019-11-05 19:14:31"
"354","292","60","23","2019-10-08 06:20:25","2019-11-07 06:20:25"
"355","122","99","21","2019-10-10 23:43:06","2019-11-09 23:43:06"
"356","40","178","22","2019-10-12 17:43:29","2019-11-11 17:43:29"
"357","224","74","23","2019-10-13 08:43:57","2019-11-12 08:43:57"
"358","110","73","21","2019-10-16 08:02:06","2019-11-15 08:02:06"
"359","230","169","21","2019-10-24 08:05:20","2019-11-23 08:05:20"
"360","458","7","22","2019-10-24 17:07:20","2019-11-23 17:07:20"
"361","488","166","23","2019-10-24 20:25:28","2019-11-23 20:25:28"
"362","475","162","21","2019-10-26 15:12:10","2019-11-25 15:12:10"
"363","264","110","24","2019-10-26 22:14:27","2019-11-25 22:14:27"
"364","73","35","25","2019-10-27 18:11:24","2019-11-26 18:11:24"
"365","85","164","26","2019-10-28 16:58:41","2019-11-27 16:58:41"
"366","266","75","27","2019-11-02 09:09:26","2019-12-02 09:09:26"
"367","1","177","24","2019-11-02 21:24:35","2019-12-02 21:24:35"
"368","457","55","25","2019-11-06 16:43:35","2019-12-06 16:43:35"
"369","420","93","26","2019-11-08 23:56:39","2019-12-08 23:56:39"
"370","224","121","27","2019-11-10 00:48:00","2019-12-10 00:48:00"
"371","220","82","25","2019-11-11 02:58:59","2019-12-11 02:58:59"
"372","430","200","26","2019-11-14 12:05:32","2019-12-14 12:05:32"
"373","166","15","27","2019-11-15 14:58:26","2019-12-15 14:58:26"
"374","128","159","25","2019-11-16 02:59:18","2019-12-16 02:59:18"
"375","163","2","26","2019-11-16 04:15:32","2019-12-16 04:15:32"
"376","325","104","27","2019-11-16 21:52:11","2019-12-16 21:52:11"
"377","295","102","25","2019-11-16 22:19:39","2019-12-16 22:19:39"
"378","249","192","26","2019-11-17 17:11:24","2019-12-17 17:11:24"
"379","330","88","27","2019-11-19 21:48:08","2019-12-19 21:48:08"
"380","117","112","25","2019-11-22 11:47:14","2019-12-22 11:47:14"
"381","45","79","26","2019-11-24 16:52:24","2019-12-24 16:52:24"
"382","42","152","27","2019-11-28 09:46:33","2019-12-28 09:46:33"
"383","245","133","25","2019-12-01 20:09:57","2019-12-31 20:09:57"
"384","401","168","26","2019-12-01 20:18:33","2019-12-31 20:18:33"
"385","323","86","27","2019-12-04 07:41:37","2020-01-03 07:41:37"
"386","23","156","28","2019-12-04 23:13:07","2020-01-03 23:13:07"
"387","144","153","29","2019-12-05 02:57:54","2020-01-04 02:57:54"
"388","370","6","28","2019-12-09 10:23:57","2020-01-08 10:23:57"
"389","86","7","29","2019-12-10 22:45:01","2020-01-09 22:45:01"
"390","178","137","28","2019-12-12 06:26:02","2020-01-11 06:26:02"
"391","124","132","29","2019-12-13 15:26:09","2020-01-12 15:26:09"
"392","411","74","28","2019-12-13 15:57:15","2020-01-12 15:57:15"
"393","133","115","29","2019-12-16 23:58:45","2020-01-15 23:58:45"
"394","327","26","28","2019-12-17 10:32:36","2020-01-16 10:32:36"
"395","81","98","29","2019-12-18 01:46:21","2020-01-17 01:46:21"
"396","165","85","28","2019-12-20 05:04:05","2020-01-19 05:04:05"
"397","140","173","29","2019-12-22 03:17:59","2020-01-21 03:17:59"
"398","13","23","28","2019-12-23 07:03:29","2020-01-22 07:03:29"
"399","274","84","29","2019-12-24 20:56:44","2020-01-23 20:56:44"
"400","81","25","30","2019-12-28 14:25:59","2020-01-27 14:25:59"
"401","117","150","31","2019-12-29 01:53:47","2020-01-28 01:53:47"
"402","97","99","30","2019-12-29 06:02:50","2020-01-28 06:02:50"
"403","73","188","31","2019-12-29 17:58:17","2020-01-28 17:58:17"
"404","261","118","28","2020-01-01 11:15:03","2020-01-31 11:15:03"
"405","106","31","29","2020-01-04 13:42:58","2020-02-03 13:42:58"
"406","254","95","30","2020-01-06 14:47:50","2020-02-05 14:47:50"
"407","4","156","31","2020-01-08 18:39:53","2020-02-07 18:39:53"
"408","434","83","28","2020-01-10 23:31:30","2020-02-09 23:31:30"
"409","462","51","29","2020-01-12 02:54:22","2020-02-11 02:54:22"
"410","327","120","30","2020-01-13 17:12:05","2020-02-12 17:12:05"
"411","4","113","31","2020-01-18 00:39:13","2020-02-17 00:39:13"
"412","311","31","30","2020-01-22 15:15:18","2020-02-21 15:15:18"
"413","272","198","31","2020-01-23 03:32:54","2020-02-22 03:32:54"
"414","459","124","32","2020-01-24 06:24:12","2020-02-23 06:24:12"
"415","8","192","33","2020-01-25 11:53:48","2020-02-24 11:53:48"
"416","37","180","30","2020-01-28 22:01:09","2020-02-27 22:01:09"
"417","264","20","31","2020-01-29 01:02:36","2020-02-28 01:02:36"
"418","198","178","32","2020-01-30 11:32:36","2020-02-29 11:32:36"
"419","213","100","33","2020-01-31 16:46:21","2020-03-01 16:46:21"
"420","20","118","30","2020-02-02 23:51:46","2020-03-03 23:51:46"
"421","9","105","31","2020-02-05 01:01:34","2020-03-06 01:01:34"
"422","353","174","32","2020-02-05 18:39:10","2020-03-06 18:39:10"
"423","32","124","33","2020-02-06 20:32:22","2020-03-07 20:32:22"
"424","373","185","30","2020-02-07 15:11:52","2020-03-08 15:11:52"
"425","312","100","31","2020-02-10 10:40:41","2020-03-11 10:40:41"
"426","101","159","32","2020-02-14 16:42:26","2020-03-15 16:42:26"
"427","365","57","32","2020-02-17 14:41:57","2020-03-18 14:41:57"
"428","124","21","33","2020-02-20 23:41:12","2020-03-21 23:41:12"
"429","360","142","34","2020-02-23 18:26:16","2020-03-24 18:26:16"
"430","430","199","35","2020-02-24 17:37:06","2020-03-25 17:37:06"
"431","77","66","36","2020-02-25 10:07:05","2020-03-26 10:07:05"
"432","160","122","32","2020-02-26 04:49:37","2020-03-27 04:49:37"
"433","319","107","33","2020-02-26 04:56:27","2020-03-27 04:56:27"
"434","256","160","34","2020-02-27 22:03:54","2020-03-28 22:03:54"
"435","275","25","35","2020-02-28 17:36:53","2020-03-29 17:36:53"
"436","417","181","36","2020-03-02 09:37:25","2020-04-01 09:37:25"
"437","459","172","32","2020-03-02 12:11:09","2020-04-01 12:11:09"
"438","164","128","33","2020-03-03 05:12:33","2020-04-02 05:12:33"
"439","280","12","34","2020-03-03 23:25:22","2020-04-02 23:25:22"
"440","362","190","33","2020-03-04 08:52:41","2020-04-03 08:52:41"
"441","352","97","34","2020-03-05 01:28:02","2020-04-04 01:28:02"
"442","245","103","35","2020-03-06 23:28:36","2020-04-05 23:28:36"
"443","452","151","36","2020-03-07 01:07:06","2020-04-06 01:07:06"
"444","48","111","37","2020-03-17 03:51:20","2020-04-16 03:51:20"
"445","230","25","38","2020-03-19 19:15:50","2020-04-18 19:15:50"
"446","418","105","33","2020-03-20 17:49:00","2020-04-19 17:49:00"
"447","180","20","34","2020-03-25 03:51:06","2020-04-24 03:51:06"
"448","222","166","39","2020-03-26 09:28:26","2020-04-25 09:28:26"
"449","165","150","40","2020-03-27 00:27:44","2020-04-26 00:27:44"
"450","473","48","41","2020-03-28 20:21:07","2020-04-27 20:21:07"
"451","218","72","42","2020-03-30 19:14:48","2020-04-29 19:14:48"
"452","138","140","39","2020-04-01 08:01:25","2020-05-01 08:01:25"
"453","110","83","40","2020-04-03 07:38:25","2020-05-03 07:38:25"
"454","272","136","41","2020-04-03 13:39:48","2020-05-03 13:39:48"
"455","118","191","42","2020-04-03 19:08:00","2020-05-03 19:08:00"
"456","334","123","39","2020-04-04 11:53:53","2020-05-04 11:53:53"
"457","200","18","40","2020-04-05 02:59:34","2020-05-05 02:59:34"
"458","499","58","41","2020-04-05 22:28:33","2020-05-05 22:28:33"
"459","16","171","42","2020-04-07 12:35:25","2020-05-07 12:35:25"
"460","330","137","39","2020-04-08 14:10:57","2020-05-08 14:10:57"
"461","86","145","40","2020-04-10 18:29:53","2020-05-10 18:29:53"
"462","419","51","41","2020-04-12 03:29:48","2020-05-12 03:29:48"
"463","313","98","42","2020-04-15 05:37:11","2020-05-15 05:37:11"
"464","249","179","39","2020-04-17 17:14:49","2020-05-17 17:14:49"
"465","121","78","40","2020-04-18 03:17:32","2020-05-18 03:17:32"
"466","38","54","41","2020-04-19 08:50:39","2020-05-19 08:50:39"
"467","447","95","42","2020-04-20 01:11:10","2020-05-20 01:11:10"
"468","424","22","41","2020-04-20 02:19:09","2020-05-20 02:19:09"
"469","443","122","42","2020-04-20 19:04:14","2020-05-20 19:04:14"
"470","73","66","43","2020-04-20 20:04:59","2020-05-20 20:04:59"
"471","19","109","44","2020-04-21 01:27:37","2020-05-21 01:27:37"
"472","452","48","41","2020-04-21 06:29:49","2020-05-21 06:29:49"
"473","60","163","42","2020-04-22 04:42:41","2020-05-22 04:42:41"
"474","390","191","43","2020-04-26 18:08:07","2020-05-26 18:08:07"
"475","282","163","44","2020-04-27 01:18:04","2020-05-27 01:18:04"
"476","431","145","41","2020-04-28 01:48:28","2020-05-28 01:48:28"
"477","289","184","42","2020-04-28 11:34:20","2020-05-28 11:34:20"
"478","391","196","43","2020-04-29 17:10:41","2020-05-29 17:10:41"
"479","288","138","44","2020-04-29 21:56:34","2020-05-29 21:56:34"
"480","231","120","41","2020-04-30 01:18:33","2020-05-30 01:18:33"
"481","433","76","42","2020-05-04 11:14:22","2020-06-03 11:14:22"
"482","261","117","43","2020-05-06 05:51:47","2020-06-05 05:51:47"
"483","4","74","44","2020-05-06 16:47:57","2020-06-05 16:47:57"
"484","383","95","41","2020-05-07 04:00:45","2020-06-06 04:00:45"
"485","97","12","42","2020-05-07 05:31:09","2020-06-06 05:31:09"
"486","36","138","43","2020-05-10 16:18:47","2020-06-09 16:18:47"
"487","269","20","44","2020-05-13 06:04:56","2020-06-12 06:04:56"
"488","299","7","41","2020-05-14 13:20:26","2020-06-13 13:20:26"
"489","65","45","42","2020-05-15 12:24:44","2020-06-14 12:24:44"
"490","304","196","43","2020-05-16 13:06:10","2020-06-15 13:06:10"
"491","14","67","44","2020-05-18 09:24:08","2020-06-17 09:24:08"
"492","250","28","41","2020-05-21 09:32:16","2020-06-20 09:32:16"
"493","365","155","42","2020-05-22 12:27:36","2020-06-21 12:27:36"
"494","461","70","43","2020-05-24 16:22:43","2020-06-23 16:22:43"
"495","318","190","44","2020-05-27 19:40:34","2020-06-26 19:40:34"
"496","270","140","45","2020-05-29 19:12:02","2020-06-28 19:12:02"
"497","61","150","46","2020-05-31 08:09:38","2020-06-30 08:09:38"
"498","423","98","47","2020-06-02 06:24:27","2020-07-02 06:24:27"
"499","400","68","48","2020-06-02 15:35:24","2020-07-02 15:35:24"
"500","64","107","45","2020-06-05 03:24:20","2020-07-05 03:24:20"
"501","412","93","46","2020-06-08 01:58:40","2020-07-08 01:58:40"
"502","239","87","47","2020-06-11 19:57:33","2020-07-11 19:57:33"
"503","296","33","48","2020-06-12 00:29:18","2020-07-12 00:29:18"
"504","453","30","45","2020-06-14 05:26:25","2020-07-14 05:26:25"
"505","109","6","46","2020-06-15 04:23:14","2020-07-15 04:23:14"
"506","499","17","47","2020-06-16 07:54:38","2020-07-16 07:54:38"
"507","477","18","48","2020-06-23 09:13:01","2020-07-23 09:13:01"
"508","48","174","45","2020-06-24 07:10:14","2020-07-24 07:10:14"
"509","272","165","46","2020-06-25 02:21:20","2020-07-25 02:21:20"
"510","417","92","47","2020-06-26 03:11:22","2020-07-26 03:11:22"
"511","207","191","48","2020-06-27 15:17:10","2020-07-27 15:17:10"
"512","44","155","49","2020-06-27 19:39:27","2020-07-27 19:39:27"
"513","161","168","50","2020-06-28 02:54:34","2020-07-28 02:54:34"
"514","87","141","51","2020-06-28 19:40:07","2020-07-28 19:40:07"
"515","484","37","52","2020-06-30 08:49:51","2020-07-30 08:49:51"
"516","327","40","53","2020-06-30 12:37:29","2020-07-30 12:37:29"
"517","23","10","54","2020-06-30 23:13:23","2020-07-30 23:13:23"
"518","496","66","49","2020-07-05 01:27:01","2020-08-04 01:27:01"
"519","79","133","50","2020-07-08 16:45:46","2020-08-07 16:45:46"
"520","241","123","51","2020-07-09 10:25:52","2020-08-08 10:25:52"
"521","129","125","52","2020-07-13 08:28:47","2020-08-12 08:28:47"
"522","300","115","53","2020-07-20 02:57:04","2020-08-19 02:57:04"
"523","283","173","54","2020-07-20 12:52:53","2020-08-19 12:52:53"
"524","455","121","49","2020-07-22 20:30:38","2020-08-21 20:30:38"
"525","343","29","50","2020-07-25 13:01:19","2020-08-24 13:01:19"
"526","450","187","51","2020-07-25 22:32:32","2020-08-24 22:32:32"
"527","150","25","49","2020-07-28 23:59:06","2020-08-27 23:59:06"
"528","347","102","50","2020-08-04 16:43:07","2020-09-03 16:43:07"
"529","408","7","51","2020-08-04 18:17:46","2020-09-03 18:17:46"
"530","229","177","52","2020-08-06 22:36:47","2020-09-05 22:36:47"
"531","9","25","49","2020-08-08 12:20:41","2020-09-07 12:20:41"
"532","152","18","50","2020-08-08 18:46:21","2020-09-07 18:46:21"
"533","474","31","51","2020-08-09 16:25:06","2020-09-08 16:25:06"
"534","456","13","52","2020-08-10 09:35:20","2020-09-09 09:35:20"
"535","259","39","53","2020-08-10 16:52:28","2020-09-09 16:52:28"
"536","496","200","54","2020-08-14 03:55:28","2020-09-13 03:55:28"
"537","51","42","49","2020-08-19 05:27:00","2020-09-18 05:27:00"
"538","186","14","50","2020-08-19 23:31:38","2020-09-18 23:31:38"
"539","6","10","51","2020-08-20 20:26:19","2020-09-19 20:26:19"
"540","98","190","52","2020-08-22 04:51:55","2020-09-21 04:51:55"
"541","492","200","53","2020-08-25 16:24:12","2020-09-24 16:24:12"
"542","477","105","54","2020-08-27 11:26:04","2020-09-26 11:26:04"
"543","212","63","49","2020-08-30 10:45:32","2020-09-29 10:45:32"
"544","159","194","50","2020-09-04 19:00:16","2020-10-04 19:00:16"
"545","304","34","50","2020-09-06 01:48:22","2020-10-06 01:48:22"
"546","354","33","51","2020-09-06 10:45:22","2020-10-06 10:45:22"
"547","477","145","52","2020-09-07 08:31:39","2020-10-07 08:31:39"
"548","238","64","53","2020-09-11 19:50:03","2020-10-11 19:50:03"
"549","196","180","54","2020-09-12 23:19:44","2020-10-12 23:19:44"
"550","223","108","55","2020-09-14 07:44:24","2020-10-14 07:44:24"
"551","451","84","58","2020-09-16 01:09:37","2020-10-16 01:09:37"
"552","299","102","55","2020-09-16 06:03:56","2020-10-16 06:03:56"
"553","462","169","56","2020-09-19 08:40:24","2020-10-19 08:40:24"
"554","80","124","50","2020-09-21 12:47:30","2020-10-21 12:47:30"
"555","443","187","51","2020-09-21 14:26:41","2020-10-21 14:26:41"
"556","141","55","52","2020-09-24 15:03:15","2020-10-24 15:03:15"
"557","381","151","53","2020-09-24 20:37:56","2020-10-24 20:37:56"
"558","99","189","54","2020-09-25 18:05:12","2020-10-25 18:05:12"
"559","146","38","55","2020-09-26 09:26:17","2020-10-26 09:26:17"
"560","136","90","50","2020-09-30 07:34:23","2020-10-30 07:34:23"
"561","313","98","51","2020-10-01 17:21:32","2020-10-31 17:21:32"
"562","445","127","52","2020-10-03 03:17:19","2020-11-02 03:17:19"
"563","341","131","53","2020-10-04 09:08:55","2020-11-03 09:08:55"
"564","35","99","54","2020-10-04 21:25:17","2020-11-03 21:25:17"
"565","478","40","55","2020-10-05 16:57:44","2020-11-04 16:57:44"
"566","409","187","57","2020-10-07 00:06:21","2020-11-06 00:06:21"
"567","348","58","58","2020-10-11 05:14:08","2020-11-10 05:14:08"
"568","28","135","50","2020-10-12 13:36:06","2020-11-11 13:36:06"
"569","178","182","51","2020-10-18 04:53:20","2020-11-17 04:53:20"
"570","184","136","52","2020-10-21 01:44:44","2020-11-20 01:44:44"
"571","186","185","50","2020-10-25 01:55:11","2020-11-24 01:55:11"
"572","288","45","51","2020-10-26 01:48:55","2020-11-25 01:48:55"
"573","395","51","52","2020-11-02 04:54:55","2020-12-02 04:54:55"
"574","184","50","53","2020-11-03 14:22:30","2020-12-03 14:22:30"
"575","484","176","50","2020-11-05 00:22:54","2020-12-05 00:22:54"
"576","86","86","51","2020-11-05 12:33:19","2020-12-05 12:33:19"
"577","89","54","52","2020-11-06 14:08:20","2020-12-06 14:08:20"
"578","102","8","50","2020-11-06 23:49:18","2020-12-06 23:49:18"
"579","460","62","51","2020-11-07 11:43:42","2020-12-07 11:43:42"
"580","250","17","52","2020-11-09 10:54:00","2020-12-09 10:54:00"
"581","21","152","50","2020-11-09 23:52:02","2020-12-09 23:52:02"
"582","219","90","51","2020-11-10 10:36:14","2020-12-10 10:36:14"
"583","454","192","52","2020-11-12 07:14:22","2020-12-12 07:14:22"
"584","111","162","53","2020-11-13 20:15:51","2020-12-13 20:15:51"
"585","487","54","50","2020-11-14 13:06:55","2020-12-14 13:06:55"
"586","441","100","51","2020-11-16 21:38:43","2020-12-16 21:38:43"
"587","204","130","52","2020-11-19 19:58:14","2020-12-19 19:58:14"
"588","339","136","50","2020-11-20 16:23:57","2020-12-20 16:23:57"
"589","177","152","51","2020-11-20 23:48:24","2020-12-20 23:48:24"
"590","432","180","50","2020-11-22 00:05:51","2020-12-22 00:05:51"
"591","1","142","51","2020-11-28 05:43:41","2020-12-28 05:43:41"
"592","285","64","54","2020-11-30 11:26:30","2020-12-30 11:26:30"
"593","273","58","55","2020-12-06 19:29:11","2021-01-05 19:29:11"
"594","30","60","56","2020-12-07 19:35:16","2021-01-06 19:35:16"
"595","303","72","54","2020-12-08 11:20:14","2021-01-07 11:20:14"
"596","234","27","55","2020-12-13 23:37:44","2021-01-12 23:37:44"
"597","34","143","54","2020-12-19 23:59:15","2021-01-18 23:59:15"
"598","42","97","55","2020-12-20 01:19:39","2021-01-19 01:19:39"
"599","276","39","57","2020-12-21 15:28:17","2021-01-20 15:28:17"
"600","144","162","58","2020-12-22 20:20:53","2021-01-21 20:20:53"
"601","119","196","59","2020-12-24 11:46:54","2021-01-23 11:46:54"
"602","193","176","57","2020-12-25 14:15:23","2021-01-24 14:15:23"
"603","93","150","58","2020-12-26 03:44:20","2021-01-25 03:44:20"
"604","428","131","57","2020-12-27 13:07:23","2021-01-26 13:07:23"
"605","181","16","58","2020-12-29 12:57:58","2021-01-28 12:57:58"
"606","167","114","59","2020-12-30 03:48:43","2021-01-29 03:48:43"
"607","11","142","60","2020-12-31 10:39:39","2021-01-30 10:39:39"
"608","330","58","61","2020-12-31 11:55:03","2021-01-30 11:55:03"
"609","496","162","57","2021-01-02 12:36:56","2021-02-01 12:36:56"
"610","104","159","58","2021-01-06 04:46:01","2021-02-05 04:46:01"
"611","33","118","59","2021-01-10 13:24:09","2021-02-09 13:24:09"
"612","254","145","57","2021-01-11 09:09:40","2021-02-10 09:09:40"
"613","158","174","58","2021-01-14 13:07:38","2021-02-13 13:07:38"
"614","419","12","60","2021-01-19 21:14:06","2021-02-18 21:14:06"
"615","89","152","61","2021-01-22 09:43:51","2021-02-21 09:43:51"
"616","376","48","62","2021-01-25 01:23:07","2021-02-24 01:23:07"
"617","115","111","63","2021-01-26 19:28:04","2021-02-25 19:28:04"
"618","51","179","60","2021-01-29 11:32:55","2021-02-28 11:32:55"
"619","384","146","61","2021-01-30 11:59:09","2021-03-01 11:59:09"
"620","165","65","60","2021-01-30 17:15:34","2021-03-01 17:15:34"
"621","399","141","61","2021-02-01 00:26:53","2021-03-03 00:26:53"
"622","483","105","62","2021-02-03 11:32:16","2021-03-05 11:32:16"
"623","172","87","63","2021-02-06 04:23:20","2021-03-08 04:23:20"
"624","330","93","64","2021-02-06 05:16:55","2021-03-08 05:16:55"
"625","407","48","65","2021-02-10 12:39:56","2021-03-12 12:39:56"
"626","69","61","66","2021-02-11 06:38:27","2021-03-13 06:38:27"
"627","393","117","62","2021-02-13 02:45:27","2021-03-15 02:45:27"
"628","350","28","63","2021-02-14 13:37:45","2021-03-16 13:37:45"
"629","404","114","64","2021-02-15 17:40:12","2021-03-17 17:40:12"
"630","291","94","62","2021-02-16 07:16:49","2021-03-18 07:16:49"
"631","404","89","63","2021-02-19 02:14:13","2021-03-21 02:14:13"
"632","184","80","64","2021-02-23 07:19:42","2021-03-25 07:19:42"
"633","65","90","65","2021-02-26 02:20:29","2021-03-28 02:20:29"
"634","269","8","62","2021-02-28 07:52:01","2021-03-30 07:52:01"
"635","233","112","63","2021-03-03 09:37:57","2021-04-02 09:37:57"
"636","361","185","64","2021-03-03 18:10:38","2021-04-02 18:10:38"
"637","211","165","62","2021-03-06 07:40:47","2021-04-05 07:40:47"
"638","359","108","63","2021-03-06 15:44:52","2021-04-05 15:44:52"
"639","424","165","64","2021-03-09 13:25:52","2021-04-08 13:25:52"
"640","499","183","62","2021-03-09 13:42:30","2021-04-08 13:42:30"
"641","438","139","63","2021-03-10 19:44:45","2021-04-09 19:44:45"
"642","341","32","64","2021-03-11 04:35:49","2021-04-10 04:35:49"
"643","408","48","65","2021-03-11 13:06:43","2021-04-10 13:06:43"
"644","500","152","62","2021-03-13 18:00:21","2021-04-12 18:00:21"
"645","387","13","63","2021-03-13 20:09:31","2021-04-12 20:09:31"
"646","97","188","64","2021-03-15 08:51:42","2021-04-14 08:51:42"
"647","254","47","65","2021-03-15 16:12:06","2021-04-14 16:12:06"
"648","497","120","66","2021-03-17 18:36:55","2021-04-16 18:36:55"
"649","371","166","65","2021-03-18 20:42:35","2021-04-17 20:42:35"
"650","147","78","66","2021-03-20 21:45:54","2021-04-19 21:45:54"
"651","305","76","49","2021-03-23 16:30:46","2021-04-22 16:30:46"
"652","138","48","50","2021-03-24 09:26:06","2021-04-23 09:26:06"
"653","32","119","51","2021-03-27 19:08:34","2021-04-26 19:08:34"
"654","189","146","52","2021-04-02 17:32:40","2021-05-02 17:32:40"
"655","103","52","53","2021-04-03 00:44:57","2021-05-03 00:44:57"
"656","3","1","54","2021-04-05 09:27:02","2021-05-05 09:27:02"
"657","315","93","55","2021-04-05 11:59:32","2021-05-05 11:59:32"
"658","123","143","56","2021-04-09 13:03:07","2021-05-09 13:03:07"
"659","175","58","57","2021-04-12 07:45:37","2021-05-12 07:45:37"
"660","197","145","58","2021-04-16 11:39:21","2021-05-16 11:39:21"
"661","277","19","59","2021-04-18 04:39:31","2021-05-18 04:39:31"
"662","407","67","60","2021-04-19 19:53:23","2021-05-19 19:53:23"
"663","162","191","61","2021-04-19 23:03:41","2021-05-19 23:03:41"
"664","179","18","62","2021-04-21 19:10:03","2021-05-21 19:10:03"
"665","210","131","63","2021-04-25 01:47:12","2021-05-25 01:47:12"
"666","155","192","64","2021-04-25 12:48:55","2021-05-25 12:48:55"
"667","227","106","50","2021-04-27 15:19:16","2021-05-27 15:19:16"
"668","369","73","51","2021-05-02 13:09:38","2021-06-01 13:09:38"
"669","192","198","52","2021-05-04 07:27:06","2021-06-03 07:27:06"
"670","222","142","53","2021-05-06 01:25:07","2021-06-05 01:25:07"
"671","141","91","54","2021-05-06 23:22:24","2021-06-05 23:22:24"
"672","64","165","55","2021-05-09 21:40:56","2021-06-08 21:40:56"
"673","153","6","56","2021-05-10 00:22:44","2021-06-09 00:22:44"
"674","98","169","57","2021-05-13 07:46:28","2021-06-12 07:46:28"
"675","45","150","58","2021-05-14 04:50:20","2021-06-13 04:50:20"
"676","257","99","59","2021-05-15 05:44:21","2021-06-14 05:44:21"
"677","345","91","60","2021-05-15 21:25:34","2021-06-14 21:25:34"
"678","83","199","61","2021-05-18 12:04:00","2021-06-17 12:04:00"
"679","429","24","62","2021-05-21 09:47:14","2021-06-20 09:47:14"
"680","176","84","63","2021-05-22 07:29:08","2021-06-21 07:29:08"
"681","190","137","64","2021-05-23 05:38:18","2021-06-22 05:38:18"
"682","293","63","70","2021-05-23 23:34:39","2021-06-22 23:34:39"
"683","165","40","71","2021-05-25 17:34:34","2021-06-24 17:34:34"
"684","13","68","72","2021-05-26 03:55:15","2021-06-25 03:55:15"
"685","375","195","71","2021-05-26 11:46:16","2021-06-25 11:46:16"
"686","150","41","72","2021-05-27 06:36:37","2021-06-26 06:36:37"
"687","217","107","62","2021-05-30 21:29:57","2021-06-29 21:29:57"
"688","52","103","63","2021-05-31 09:52:00","2021-06-30 09:52:00"
"689","456","105","64","2021-05-31 22:18:54","2021-06-30 22:18:54"
"690","20","180","65","2021-06-01 08:52:15","2021-07-01 08:52:15"
"691","171","154","66","2021-06-02 00:17:57","2021-07-02 00:17:57"
"692","240","126","67","2021-06-03 08:31:50","2021-07-03 08:31:50"
"693","190","13","68","2021-06-08 12:52:36","2021-07-08 12:52:36"
"694","157","86","69","2021-06-09 08:31:36","2021-07-09 08:31:36"
"695","134","28","70","2021-06-12 15:40:32","2021-07-12 15:40:32"
"696","397","64","71","2021-06-14 07:06:48","2021-07-14 07:06:48"
"697","97","190","72","2021-06-14 20:44:39","2021-07-14 20:44:39"
"698","180","53","64","2021-06-18 20:25:53","2021-07-18 20:25:53"
"699","451","72","65","2021-06-20 00:10:57","2021-07-20 00:10:57"
"700","115","4","66","2021-06-21 09:40:37","2021-07-21 09:40:37"
"701","29","166","67","2021-06-23 11:05:17","2021-07-23 11:05:17"
"702","146","162","62","2021-06-26 21:25:55","2021-07-26 21:25:55"
"703","153","102","63","2021-06-27 08:26:12","2021-07-27 08:26:12"
"704","383","131","64","2021-06-28 16:52:23","2021-07-28 16:52:23"
"705","50","86","65","2021-07-07 18:14:36","2021-08-06 18:14:36"
"706","238","164","66","2021-07-12 23:30:25","2021-08-11 23:30:25"
"707","117","87","67","2021-07-17 00:32:59","2021-08-16 00:32:59"
"708","147","152","65","2021-07-17 17:18:20","2021-08-16 17:18:20"
"709","388","125","66","2021-07-20 04:35:00","2021-08-19 04:35:00"
"710","423","13","67","2021-07-20 10:49:37","2021-08-19 10:49:37"
"711","135","66","68","2021-07-21 01:12:02","2021-08-20 01:12:02"
"712","136","72","65","2021-07-25 21:13:48","2021-08-24 21:13:48"
"713","125","177","66","2021-08-01 10:11:35","2021-08-31 10:11:35"
"714","438","184","67","2021-08-02 04:03:26","2021-09-01 04:03:26"
"715","11","182","68","2021-08-05 04:19:22","2021-09-04 04:19:22"
"716","56","74","65","2021-08-05 13:18:52","2021-09-04 13:18:52"
"717","500","178","66","2021-08-06 07:37:54","2021-09-05 07:37:54"
"718","451","61","67","2021-08-10 22:50:59","2021-09-09 22:50:59"
"719","343","117","68","2021-08-12 15:44:43","2021-09-11 15:44:43"
"720","352","87","65","2021-08-13 17:56:44","2021-09-12 17:56:44"
"721","172","34","66","2021-08-16 18:35:07","2021-09-15 18:35:07"
"722","150","162","67","2021-08-17 05:38:56","2021-09-16 05:38:56"
"723","438","128","68","2021-08-18 05:59:54","2021-09-17 05:59:54"
"724","55","146","69","2021-08-19 05:42:02","2021-09-18 05:42:02"
"725","231","71","70","2021-08-20 22:26:25","2021-09-19 22:26:25"
"726","142","25","71","2021-08-21 05:45:39","2021-09-20 05:45:39"
"727","219","18","72","2021-08-22 00:53:15","2021-09-21 00:53:15"
"728","497","155","69","2021-08-22 04:28:50","2021-09-21 04:28:50"
"729","263","52","70","2021-08-23 01:34:00","2021-09-22 01:34:00"
"730","485","21","71","2021-08-24 14:43:48","2021-09-23 14:43:48"
"731","121","28","72","2021-08-25 01:09:15","2021-09-24 01:09:15"
"732","297","152","73","2021-08-27 03:25:17","2021-09-26 03:25:17"
"733","2","43","74","2021-08-28 10:29:03","2021-09-27 10:29:03"
"734","273","128","75","2021-08-28 19:22:14","2021-09-27 19:22:14"
"735","410","177","76","2021-09-01 18:38:48","2021-10-01 18:38:48"
"736","259","47","73","2021-09-03 22:14:41","2021-10-03 22:14:41"
"737","180","181","74","2021-09-04 23:50:27","2021-10-04 23:50:27"
"738","206","145","75","2021-09-05 02:53:16","2021-10-05 02:53:16"
"739","149","69","76","2021-09-07 15:31:56","2021-10-07 15:31:56"
"740","8","140","76","2021-09-08 19:08:26","2021-10-08 19:08:26"
"741","164","159","70","2021-09-09 19:00:02","2021-10-09 19:00:02"
"742","170","95","71","2021-09-10 13:22:38","2021-10-10 13:22:38"
"743","274","112","72","2021-09-10 18:50:34","2021-10-10 18:50:34"
"744","390","157","73","2021-09-11 21:47:41","2021-10-11 21:47:41"
"745","451","60","74","2021-09-12 02:06:11","2021-10-12 02:06:11"
"746","260","101","75","2021-09-14 12:42:44","2021-10-14 12:42:44"
"747","365","122","76","2021-09-14 20:46:50","2021-10-14 20:46:50"
"748","410","152","70","2021-09-19 19:47:51","2021-10-19 19:47:51"
"749","47","59","71","2021-09-19 22:53:16","2021-10-19 22:53:16"
"750","312","142","72","2021-09-20 21:50:47","2021-10-20 21:50:47"
"751","97","130","73","2021-09-21 19:21:32","2021-10-21 19:21:32"
"752","281","39","74","2021-09-23 19:43:13","2021-10-23 19:43:13"
"753","467","5","75","2021-09-24 00:32:47","2021-10-24 00:32:47"
"754","433","154","76","2021-09-25 15:33:51","2021-10-25 15:33:51"
"755","332","67","73","2021-09-26 11:50:21","2021-10-26 11:50:21"
"756","260","181","74","2021-09-26 18:40:34","2021-10-26 18:40:34"
"757","94","10","75","2021-09-27 06:41:19","2021-10-27 06:41:19"
"758","39","36","76","2021-09-27 15:55:23","2021-10-27 15:55:23"
"759","93","167","75","2021-09-28 23:29:11","2021-10-28 23:29:11"
"760","214","55","76","2021-09-29 14:37:00","2021-10-29 14:37:00"
"761","314","29","69","2021-09-30 12:17:21","2021-10-30 12:17:21"
"762","367","55","70","2021-10-02 20:18:57","2021-11-01 20:18:57"
"763","372","78","71","2021-10-04 05:38:44","2021-11-03 05:38:44"
"764","98","58","72","2021-10-04 20:46:37","2021-11-03 20:46:37"
"765","232","35","73","2021-10-10 18:09:22","2021-11-09 18:09:22"
"766","178","30","74","2021-10-10 23:09:40","2021-11-09 23:09:40"
"767","24","143","75","2021-10-11 04:24:08","2021-11-10 04:24:08"
"768","263","120","76","2021-10-12 03:11:11","2021-11-11 03:11:11"
"769","356","200","70","2021-10-12 15:28:59","2021-11-11 15:28:59"
"770","289","6","71","2021-10-15 06:24:46","2021-11-14 06:24:46"
"771","317","11","72","2021-10-17 17:43:05","2021-11-16 17:43:05"
"772","399","38","73","2021-10-23 04:24:47","2021-11-22 04:24:47"
"773","171","51","74","2021-10-24 00:00:09","2021-11-23 00:00:09"
"774","357","94","75","2021-10-26 08:46:50","2021-11-25 08:46:50"
"775","460","120","76","2021-10-28 02:02:12","2021-11-27 02:02:12"
"776","410","62","73","2021-10-28 16:48:12","2021-11-27 16:48:12"
"777","300","128","74","2021-10-28 18:12:17","2021-11-27 18:12:17"
"778","302","42","75","2021-10-30 14:30:25","2021-11-29 14:30:25"
"779","403","15","76","2021-11-04 01:54:04","2021-12-04 01:54:04"
"780","312","77","70","2021-11-07 00:38:50","2021-12-07 00:38:50"
"781","356","32","71","2021-11-07 02:53:39","2021-12-07 02:53:39"
"782","397","171","80","2021-11-07 06:02:41","2021-12-07 06:02:41"
"783","127","135","81","2021-11-08 02:37:21","2021-12-08 02:37:21"
"784","135","197","82","2021-11-08 21:27:47","2021-12-08 21:27:47"
"785","250","168","83","2021-11-17 17:36:43","2021-12-17 17:36:43"
"786","102","1","84","2021-11-17 23:52:50","2021-12-17 23:52:50"
"787","434","71","80","2021-11-22 01:24:21","2021-12-22 01:24:21"
"788","150","187","81","2021-11-22 13:32:21","2021-12-22 13:32:21"
"789","391","180","82","2021-11-22 18:02:38","2021-12-22 18:02:38"
"790","24","41","83","2021-11-24 05:48:06","2021-12-24 05:48:06"
"791","387","19","84","2021-11-25 11:29:23","2021-12-25 11:29:23"
"792","275","99","85","2021-11-28 01:43:42","2021-12-28 01:43:42"
"793","438","96","80","2021-11-28 05:01:21","2021-12-28 05:01:21"
"794","182","89","81","2021-11-29 05:44:39","2021-12-29 05:44:39"
"795","303","39","82","2021-12-01 20:02:09","2021-12-31 20:02:09"
"796","479","41","80","2021-12-01 20:54:08","2021-12-31 20:54:08"
"797","491","11","81","2021-12-02 07:06:20","2022-01-01 07:06:20"
"798","340","135","82","2021-12-02 17:11:43","2022-01-01 17:11:43"
"799","246","22","83","2021-12-02 23:38:41","2022-01-01 23:38:41"
"800","380","133","84","2021-12-04 16:51:32","2022-01-03 16:51:32"
"801","469","195","86","2021-12-05 16:38:10","2022-01-04 16:38:10"
"802","207","167","90","2021-12-06 06:01:35","2022-01-05 06:01:35"
"803","236","108","91","2021-12-08 10:07:47","2022-01-07 10:07:47"
"804","484","92","92","2021-12-10 02:11:13","2022-01-09 02:11:13"
"805","183","194","93","2021-12-11 07:10:35","2022-01-10 07:10:35"
"806","177","102","94","2021-12-12 12:03:44","2022-01-11 12:03:44"
"807","56","135","89","2021-12-13 23:26:20","2022-01-12 23:26:20"
"808","182","148","90","2021-12-14 01:42:21","2022-01-13 01:42:21"
"809","66","163","93","2021-12-16 13:18:21","2022-01-15 13:18:21"
"810","29","195","94","2021-12-17 10:57:06","2022-01-16 10:57:06"
"811","304","52","95","2021-12-18 02:10:07","2022-01-17 02:10:07"
"812","141","192","96","2021-12-21 14:49:42","2022-01-20 14:49:42"
"813","106","122","97","2021-12-26 14:08:20","2022-01-25 14:08:20"
"814","97","174","98","2021-12-30 00:04:20","2022-01-29 00:04:20"
"815","241","52","99","2021-12-31 04:26:40","2022-01-30 04:26:40"
"816","353","117","100","2021-12-31 07:42:19","2022-01-30 07:42:19"
"817","169","107","82","2022-01-01 12:19:37","2022-01-31 12:19:37"
"818","315","120","83","2022-01-01 17:34:21","2022-01-31 17:34:21"
"819","305","93","84","2022-01-02 19:45:12","2022-02-01 19:45:12"
"820","412","184","85","2022-01-04 03:42:35","2022-02-03 03:42:35"
"821","241","171","86","2022-01-08 02:56:58","2022-02-07 02:56:58"
"822","107","187","87","2022-01-12 08:41:37","2022-02-11 08:41:37"
"823","35","44","88","2022-01-17 14:19:00","2022-02-16 14:19:00"
"824","237","156","89","2022-01-17 15:38:09","2022-02-16 15:38:09"
"825","487","72","90","2022-01-18 01:11:08","2022-02-17 01:11:08"
"826","6","186","91","2022-01-18 21:08:26","2022-02-17 21:08:26"
"827","339","43","92","2022-01-20 17:20:28","2022-02-19 17:20:28"
"828","91","34","93","2022-01-20 17:31:33","2022-02-19 17:31:33"
"829","1","79","94","2022-01-21 20:18:37","2022-02-20 20:18:37"
"830","42","78","95","2022-01-22 14:19:16","2022-02-21 14:19:16"
"831","466","64","96","2022-01-22 16:09:01","2022-02-21 16:09:01"
"832","193","62","93","2022-01-24 01:31:37","2022-02-23 01:31:37"
"833","233","93","94","2022-01-25 15:25:12","2022-02-24 15:25:12"
"834","1","37","95","2022-01-26 08:14:13","2022-02-25 08:14:13"
"835","208","67","96","2022-01-27 04:28:41","2022-02-26 04:28:41"
"836","63","171","97","2022-01-29 09:00:52","2022-02-28 09:00:52"
"837","322","136","98","2022-01-30 05:25:55","2022-03-01 05:25:55"
"838","393","187","99","2022-01-31 11:37:29","2022-03-02 11:37:29"
"839","401","31","100","2022-01-31 17:40:01","2022-03-02 17:40:01"
"840","130","148","97","2022-01-31 18:05:18","2022-03-02 18:05:18"
"841","7","100","98","2022-02-01 07:26:03","2022-03-03 07:26:03"
"842","42","195","99","2022-02-02 19:20:55","2022-03-04 19:20:55"
"843","414","161","100","2022-02-03 11:04:05","2022-03-05 11:04:05"
"844","112","179","94","2022-02-09 04:13:59","2022-03-11 04:13:59"
"845","44","86","95","2022-02-10 01:05:10","2022-03-12 01:05:10"
"846","249","24","96","2022-02-18 02:19:26","2022-03-20 02:19:26"
"847","426","6","97","2022-02-18 14:54:20","2022-03-20 14:54:20"
"848","280","83","99","2022-02-19 07:40:33","2022-03-21 07:40:33"
"849","218","175","100","2022-02-20 16:15:47","2022-03-22 16:15:47"
"850","498","167","94","2022-02-22 17:43:12","2022-03-24 17:43:12"
"851","241","200","95","2022-02-23 07:44:27","2022-03-25 07:44:27"
"852","227","165","96","2022-02-24 04:33:52","2022-03-26 04:33:52"
"853","466","112","97","2022-03-03 01:04:26","2022-04-02 01:04:26"
"854","256","62","99","2022-03-03 22:30:57","2022-04-02 22:30:57"
"855","398","125","100","2022-03-04 06:55:07","2022-04-03 06:55:07"
"856","223","165","94","2022-03-05 21:12:36","2022-04-04 21:12:36"
"857","442","43","95","2022-03-07 09:34:28","2022-04-06 09:34:28"
"858","347","28","96","2022-03-07 17:56:04","2022-04-06 17:56:04"
"859","492","140","97","2022-03-09 04:11:10","2022-04-08 04:11:10"
"860","229","158","95","2022-03-11 11:12:55","2022-04-10 11:12:55"
"861","213","61","96","2022-03-20 11:00:24","2022-04-19 11:00:24"
"862","56","34","97","2022-03-21 15:19:09","2022-04-20 15:19:09"
"863","22","42","94","2022-03-22 05:34:03","2022-04-21 05:34:03"
"864","311","13","95","2022-03-24 22:44:42","2022-04-23 22:44:42"
"865","421","147","96","2022-03-28 11:13:48","2022-04-27 11:13:48"
"866","456","41","97","2022-03-29 20:24:36","2022-04-28 20:24:36"
"867","455","84","100","2022-03-31 20:51:53","2022-04-30 20:51:53"
"868","224","94","95","2022-04-04 10:56:20","2022-05-04 10:56:20"
"869","133","27","96","2022-04-08 06:18:30","2022-05-08 06:18:30"
"870","170","17","97","2022-04-09 10:48:09","2022-05-09 10:48:09"
"871","5","88","95","2022-04-09 18:59:21","2022-05-09 18:59:21"
"872","421","128","96","2022-04-11 17:25:13","2022-05-11 17:25:13"
"873","202","28","97","2022-04-13 06:53:50","2022-05-13 06:53:50"
"874","488","154","94","2022-04-13 22:49:18","2022-05-13 22:49:18"
"875","306","24","95","2022-04-14 08:30:20","2022-05-14 08:30:20"
"876","18","61","96","2022-04-18 04:01:11","2022-05-18 04:01:11"
"877","280","152","97","2022-04-22 10:29:03","2022-05-22 10:29:03"
"878","206","27","100","2022-04-23 03:15:40","2022-05-23 03:15:40"
"879","39","169","95","2022-04-23 10:15:45","2022-05-23 10:15:45"
"880","484","16","95","2022-04-28 20:18:05","2022-05-28 20:18:05"
"881","177","125","96","2022-04-28 23:51:42","2022-05-28 23:51:42"
"882","36","7","97","2022-04-29 18:22:57","2022-05-29 18:22:57"
"883","339","35","94","2022-04-29 18:52:59","2022-05-29 18:52:59"
"884","465","151","95","2022-04-30 18:21:19","2022-05-30 18:21:19"
"885","417","61","96","2022-05-04 20:58:21","2022-06-03 20:58:21"
"886","3","76","97","2022-05-08 04:35:06","2022-06-07 04:35:06"
"887","118","182","94","2022-05-09 14:50:40","2022-06-08 14:50:40"
"888","424","105","95","2022-05-10 06:14:09","2022-06-09 06:14:09"
"889","21","130","96","2022-05-11 00:28:09","2022-06-10 00:28:09"
"890","39","197","97","2022-05-13 20:57:30","2022-06-12 20:57:30"
"891","68","108","100","2022-05-17 01:26:05","2022-06-16 01:26:05"
"892","408","15","95","2022-05-22 02:01:01","2022-06-21 02:01:01"
"893","248","107","97","2022-05-22 16:24:30","2022-06-21 16:24:30"
"894","448","153","100","2022-06-01 08:53:45","2022-07-01 08:53:45"
"895","499","35","95","2022-06-02 22:45:15","2022-07-02 22:45:15"
"896","10","44","95","2022-06-03 09:12:51","2022-07-03 09:12:51"
"897","287","171","96","2022-06-03 16:30:50","2022-07-03 16:30:50"
"898","244","67","97","2022-06-04 15:38:24","2022-07-04 15:38:24"
"899","59","14","95","2022-06-08 12:52:49","2022-07-08 12:52:49"
"900","474","26","96","2022-06-11 04:54:41","2022-07-11 04:54:41"
"901","209","67","97","2022-06-13 06:41:23","2022-07-13 06:41:23"
"902","250","166","94","2022-06-17 13:30:21","2022-07-17 13:30:21"
"903","473","162","95","2022-06-19 11:13:55","2022-07-19 11:13:55"
"904","175","119","96","2022-06-20 07:37:08","2022-07-20 07:37:08"
"905","310","107","95","2022-06-25 00:16:42","2022-07-25 00:16:42"
"906","240","112","96","2022-06-26 03:05:58","2022-07-26 03:05:58"
"907","362","25","97","2022-06-28 14:45:52","2022-07-28 14:45:52"
"908","485","55","94","2022-06-29 11:06:56","2022-07-29 11:06:56"
"909","236","33","95","2022-06-29 13:09:10","2022-07-29 13:09:10"
"910","178","16","96","2022-07-03 05:55:05","2022-08-02 05:55:05"
"911","183","71","97","2022-07-04 06:28:29","2022-08-03 06:28:29"
"912","172","35","100","2022-07-07 21:40:07","2022-08-06 21:40:07"
"913","58","108","95","2022-07-08 13:15:59","2022-08-07 13:15:59"
"914","290","7","94","2022-07-10 23:57:33","2022-08-09 23:57:33"
"915","323","37","95","2022-07-13 12:53:03","2022-08-12 12:53:03"
"916","214","133","96","2022-07-14 15:10:55","2022-08-13 15:10:55"
"917","172","59","97","2022-07-17 09:22:57","2022-08-16 09:22:57"
"918","354","27","100","2022-07-18 08:30:00","2022-08-17 08:30:00"
"919","215","39","95","2022-07-19 15:06:29","2022-08-18 15:06:29"
"920","14","125","95","2022-07-20 21:20:20","2022-08-19 21:20:20"
"921","447","152","96","2022-07-23 12:25:50","2022-08-22 12:25:50"
"922","77","83","97","2022-07-23 20:35:49","2022-08-22 20:35:49"
"923","168","36","94","2022-07-25 07:42:52","2022-08-24 07:42:52"
"924","83","75","95","2022-07-28 07:40:00","2022-08-27 07:40:00"
"925","53","12","96","2022-07-29 23:46:48","2022-08-28 23:46:48"
"926","107","176","97","2022-07-30 05:53:18","2022-08-29 05:53:18"
"927","294","106","100","2022-07-31 23:33:18","2022-08-30 23:33:18"
"928","424","182","95","2022-08-03 19:04:17","2022-09-02 19:04:17"
"929","499","182","95","2022-08-04 01:05:22","2022-09-03 01:05:22"
"930","67","93","96","2022-08-04 03:24:12","2022-09-03 03:24:12"
"931","211","49","97","2022-08-07 03:35:48","2022-09-06 03:35:48"
"932","130","50","94","2022-08-08 12:05:12","2022-09-07 12:05:12"
"933","88","44","95","2022-08-09 17:09:34","2022-09-08 17:09:34"
"934","37","88","96","2022-08-12 11:52:40","2022-09-11 11:52:40"
"935","80","6","97","2022-08-14 20:08:01","2022-09-13 20:08:01"
"936","401","180","100","2022-08-19 16:50:23","2022-09-18 16:50:23"
"937","41","82","95","2022-08-20 04:55:27","2022-09-19 04:55:27"
"938","243","179","95","2022-08-22 12:29:40","2022-09-21 12:29:40"
"939","348","112","96","2022-08-25 10:10:23","2022-09-24 10:10:23"
"940","376","65","97","2022-08-26 08:21:48","2022-09-25 08:21:48"
"941","373","16","94","2022-08-27 10:26:51","2022-09-26 10:26:51"
"942","486","119","95","2022-08-31 20:38:16","2022-09-30 20:38:16"
"943","153","185","96","2022-09-02 13:06:35","2022-10-02 13:06:35"
"944","497","193","97","2022-09-06 14:11:02","2022-10-06 14:11:02"
"945","406","193","100","2022-09-11 06:40:53","2022-10-11 06:40:53"
"946","457","149","95","2022-09-12 06:30:03","2022-10-12 06:30:03"
"947","415","133","95","2022-09-12 17:03:57","2022-10-12 17:03:57"
"948","36","9","96","2022-09-15 11:20:33","2022-10-15 11:20:33"
"949","180","194","97","2022-09-15 12:52:08","2022-10-15 12:52:08"
"950","432","100","94","2022-09-17 18:38:15","2022-10-17 18:38:15"
"951","347","125","95","2022-09-18 20:49:58","2022-10-18 20:49:58"
"952","42","134","96","2022-09-19 04:07:24","2022-10-19 04:07:24"
"953","385","7","97","2022-09-19 07:41:39","2022-10-19 07:41:39"
"954","224","173","94","2022-09-19 19:22:41","2022-10-19 19:22:41"
"955","458","69","95","2022-09-21 11:15:26","2022-10-21 11:15:26"
"956","318","14","96","2022-09-22 20:01:34","2022-10-22 20:01:34"
"957","217","82","97","2022-09-23 16:10:11","2022-10-23 16:10:11"
"958","386","174","100","2022-09-24 11:13:53","2022-10-24 11:13:53"
"959","54","98","95","2022-09-24 13:53:12","2022-10-24 13:53:12"
"960","379","12","94","2022-09-29 03:49:07","2022-10-29 03:49:07"
"961","200","188","95","2022-10-01 16:55:57","2022-10-31 16:55:57"
"962","374","187","96","2022-10-03 20:13:57","2022-11-02 20:13:57"
"963","480","114","97","2022-10-04 09:08:38","2022-11-03 09:08:38"
"964","186","116","100","2022-10-06 03:07:19","2022-11-05 03:07:19"
"965","68","26","95","2022-10-06 16:05:58","2022-11-05 16:05:58"
"966","43","180","96","2022-10-06 21:31:36","2022-11-05 21:31:36"
"967","242","138","97","2022-10-09 01:37:27","2022-11-08 01:37:27"
"968","322","89","94","2022-10-09 04:04:54","2022-11-08 04:04:54"
"969","77","8","95","2022-10-12 17:35:20","2022-11-11 17:35:20"
"970","233","80","96","2022-10-12 22:56:08","2022-11-11 22:56:08"
"971","57","75","97","2022-10-14 22:29:06","2022-11-13 22:29:06"
"972","292","131","100","2022-10-15 06:53:01","2022-11-14 06:53:01"
"973","310","140","95","2022-10-16 20:29:33","2022-11-15 20:29:33"
"974","238","163","97","2022-10-16 21:04:49","2022-11-15 21:04:49"
"975","154","14","98","2022-10-22 01:52:34","2022-11-21 01:52:34"
"976","96","177","99","2022-10-24 03:03:38","2022-11-23 03:03:38"
"977","64","143","100","2022-10-26 17:16:43","2022-11-25 17:16:43"
"978","351","108","97","2022-10-27 21:44:51","2022-11-26 21:44:51"
"979","41","166","98","2022-11-02 01:27:18","2022-12-02 01:27:18"
"980","157","94","99","2022-11-04 02:27:51","2022-12-04 02:27:51"
"981","71","155","100","2022-11-05 07:16:13","2022-12-05 07:16:13"
"982","489","155","94","2022-11-05 12:41:05","2022-12-05 12:41:05"
"983","417","2","95","2022-11-05 20:19:36","2022-12-05 20:19:36"
"984","399","152","96","2022-11-06 17:05:02","2022-12-06 17:05:02"
"985","482","148","97","2022-11-07 07:18:33","2022-12-07 07:18:33"
"986","257","132","99","2022-11-09 12:37:40","2022-12-09 12:37:40"
"987","242","114","100","2022-11-11 21:06:26","2022-12-11 21:06:26"
"988","282","126","97","2022-11-12 22:47:18","2022-12-12 22:47:18"
"989","185","184","98","2022-11-13 20:03:35","2022-12-13 20:03:35"
"990","424","6","99","2022-11-16 12:57:49","2022-12-16 12:57:49"
"991","227","110","100","2022-11-19 00:32:16","2022-12-19 00:32:16"
"992","145","137","97","2022-11-22 22:46:34","2022-12-22 22:46:34"
"993","477","136","98","2022-11-25 09:46:48","2022-12-25 09:46:48"
"994","45","76","99","2022-11-26 00:08:25","2022-12-26 00:08:25"
"995","298","20","100","2022-11-29 13:26:51","2022-12-29 13:26:51"
"996","112","153","94","2022-11-29 21:11:32","2022-12-29 21:11:32"
"997","117","106","95","2022-12-01 12:04:55","2022-12-31 12:04:55"
"998","168","1","96","2022-12-02 11:47:34","2023-01-01 11:47:34"
"999","153","120","97","2022-12-03 06:35:15","2023-01-02 06:35:15"
"1000","12","114","99","2022-12-05 19:41:12","2023-01-04 19:41:12"
